nama_tempat,alamat,tahun,latitude,longitude,kelurahan,kecamatan,type
CIWALK,JL. CIHAMPELAS NO. 160,2021,-6.892040010593098,107.60505450446244,Cipaganti,Coblong,tourism_shopping_place
PARIS VAN JAVA RESORT LIFESTYLE PLACE,JL. SUKAJADI NO. 131-139,2021,-6.887284479328349,107.59614923028673,Cipedes,Sukasari,tourism_shopping_place
BTC FASHION MALL,JL. DR. DJUNJUNAN NO. 143-149,2021,-6.891267778753975,107.58534565200128,Sukagalih,Sukasari,tourism_shopping_place
ISTANA PLAZA,JL. PASIR KALIKI NO. 121-123,2021,-6.903687066118921,107.59703469863425,Pamoyanan,Cicendo,tourism_shopping_place
ISTANA BEC,JL. PURNAWARMAN NO. 13-15,2021,-6.9064136285250814,107.60853574494158,Tamansari,Bandung Wetan,tourism_shopping_place
MALL PASKAL 23 HYPERSQUARE BANDUNG,KEBON JERUK ANDIR,2021,-6.913288882344184,107.59438468720332,Arjuna,Cicendo,tourism_shopping_place
GRAND YOGYA KEPATIHAN,JL. KEPATIHAN NO. 18,2021,-6.92199155090802,107.60593431871882,Balonggede,Regol,tourism_shopping_place
BRAGA CITY WALK,JL. BRAGA NO. 99-101,2021,-6.9152060212036295,107.60935141882892,Babakan Ciamis,Sumur Bandung,tourism_shopping_place
BANDUNG INDAH PLAZA,JL. MERDEKA NO. 56,2021,-6.906461662542402,107.6106710441752,Citarum,Bandung Wetan,tourism_shopping_place
TRANS STUDIO MALL,JL. GATOT SUBROTO NO. 289,2021,-6.923332484599419,107.6365056658089,Cibangkong,Batununggal,tourism_shopping_place
FESTIVAL CITYLINK,JL. PETA NO. 241,2021,-6.927961605244426,107.5861900915108,Sukaasih,Bojongloa Kaler,tourism_shopping_place
TERAS CIHAMPELAS BANDUNG,JL. CIHAMPELAS NO. 162,2021,-6.893683587976739,107.60420310492128,Cipaganti,Coblong,tourism_shopping_place
LIVING PLAZA DAGO,JL. IR. H. JUANDA TAMANSARI,2021,-6.899783700383481,107.6115831402815,Tamansari,Bandung Wetan,tourism_shopping_place
CLICK SQUARE,JL. NARIPAN NO. 89,2021,-6.919687260878797,107.61601294382884,Kebon Pisang,Sumur Bandung,tourism_shopping_place
PLAZA SETRASARI,JL. SURYA SUMANTRI NO. 444,2021,-6.880458460110545,107.58230127299392,Sukagalih,Sukasari,tourism_shopping_place
BALUBUR TOWN SQUARE,JL. TAMANSARI NO. P-2,2021,-6.897856405196513,107.6093136384184,Tamansari,Bandung Wetan,tourism_shopping_place
MIKO MALL KOPO,JL. RAYA KOPO NO. 599,2021,-6.959857000032356,107.5808088664058,Margasuka,Babakan Ciparay,tourism_shopping_place
RIAU JUNCTION,JL. L. L. R. E. MARTADINATA,2021,-6.906275618025114,107.6122259662744,Merdeka,Sumur Bandung,tourism_shopping_place
PASAR BARU TRADE CENTER,JL. OTTO ISKANDAR DINATA NO. 70,2021,-6.917337776713038,107.60429321080534,Braga,Sumur Bandung,tourism_shopping_place
BTM BANDUNG TRADE MALL,JL IBRAHIM ADJIE NO. 47,2021,-6.911264675617622,107.64430607988103,Kebonwaru,Batununggal,tourism_shopping_place
PARAHYANGAN PLAZA,JL. DALEM KAUM NO. 54,2021,-6.9214530590347865,107.60623949107055,Balonggede,Regol,tourism_shopping_place
THE KINGS SHOPPING CENTRE,JL. KEPATIHAN NO. 11-17,2021,-6.922012047145163,107.60515513613716,Balonggede,Regol,tourism_shopping_place
LUCKY SQUARE MALL,JL. TERUSAN JAKARTA NO. 2,2021,-6.912789341821708,107.64485622644148,Babakan Surabaya,Kiaracondong,tourism_shopping_place
PISET SQUARE,JL. PELAJAR PEJUANG 45 NO. 119,2021,-6.933279379222399,107.6258017895552,Turangga,Lengkong,tourism_shopping_place
MD PLAZA,JL. OTTO ISKANDAR DINATA,2021,-6.916555956458383,107.60401937657836,Braga,Sumur Bandung,tourism_shopping_place
YOGYA JUNCTION,JL. SUMATERA,2021,-6.906621122123139,107.6120481953328,Merdeka,Sumur Bandung,tourism_shopping_place
UJUNG BERUNG TOWN SQUARE,JL. A. H. NASUTION NO. 46A,2021,-6.914178822557875,107.69661601066169,Pakemitan,Cinambo,tourism_shopping_place
METRO TRADE CENTER,SEKEJATI BUAH BATU,2021,-6.9430663913270205,107.65887223541534,Sekejati,Buahbatu,tourism_shopping_place
METRO INDAH MALL,JL. SOEKARNO HATTA JL. MTC BARAT NO. 590,2021,-6.9430663913270205,107.65887223541534,Sekejati,Buahbatu,tourism_shopping_place
JAYA PLAZA,JL. JEND. AHMAD YANI NO. 238,2021,-6.917657329259269,107.62659842430485,Kacapiring,Batununggal,tourism_shopping_place
THE PLAZA IBCC,JL. JEND AHMAD YANI NO. 296,2021,-6.915313975997785,107.63342472235416,Kacapiring,Batununggal,tourism_shopping_place
ITC KEBON KELAPA,JL. MOH. TOHA JL. PUNGKUR,2021,-6.915313975997785,107.63342472235416,Kacapiring,Batununggal,tourism_shopping_place
RAJAWALI PLAZA,JL. RAJAWALI TIMUR NO. 27,2021,-6.915876683103376,107.58891379324648,Ciroyom,Andir,tourism_shopping_place
BUAH BATU SQUARE,JL. RAYA BOJONGSOANG NO. 321,2021,-6.966452513855623,107.63804152790944,Cipagalo,Bandung Wetan,tourism_shopping_place
RAMAYANA,JL. ASTANA ANYAR NO. 186,2021,-6.92688126311042,107.5998676354403,Karanganyar,Astanaanyar,tourism_shopping_place
YOGYA SUNDA,JL. SUNDA NO. 60,2021,-6.9178196094115565,107.61826415056704,Kebon Pisang,Sumur Bandung,tourism_shopping_place
RUMAH MODE FACTORY OUTLET,JL. DR. SETIABUDI NO. 41,2021,-6.876233328556991,107.6010442257491,Hegarmanah,Cidadap,tourism_shopping_place
BLOSSOM,JL. IR. H. JUANDA NO. 112,2021,-6.889413936012234,107.61358346500812,Lebak Gede,Coblong,tourism_shopping_place
MERDEKA ARCADE FACTORY OUTLET,JL. MERDEKA NO. 35,2021,-6.90627142405612,107.61051262087368,Tamansari,Bandung Wetan,tourism_shopping_place
MORNING DEW FACTORY OUTLET,JL. IR. H. JUANDA NO. 81,2021,-6.893907569742586,107.611940791486,Lebak Siliwangi,Coblong,tourism_shopping_place
PABERIK BADJOE FACTORY OUTLET,JL. SOEKARNO HATTA NO. 573,2021,-6.941533483597855,107.63848041889923,Gumuruh,Batununggal,tourism_shopping_place
BANDARBAJU.COM PUSAT BISNIS BAJU MURAH BANDUNG,JL. ANGKASA MEKAR NO. 88,2021,-6.957374186500854,107.59012380428751,Cirangrang,Babakan Ciparay,tourism_shopping_place
FACTORY OUTLET STORE,JL. DR. SETIABUDI 73,2021,-6.87053744092307,107.5940868594795,Hegarmanah,Cidadap,tourism_shopping_place
THE SECRET FACTORY OUTLET,JL. L. L. R. E. MARTADINATAÂ  NO. 47,2021,-6.904341501026932,107.61460880065005,Citarum,Bandung Wetan,tourism_shopping_place
CARGO FACTORY OUTLET,JL. DIPONEGORO NO. 30,2021,-6.899910912083527,107.6220760149725,Cihaurgeulis,Cibeunying Kaler,tourism_shopping_place
ANAKECIL FACTORY OUTLET,JL. HAYAM WURUK NO. 32,2021,-6.902041250680221,107.62035941582116,Citarum,Bandung Wetan,tourism_shopping_place
HERITAGE THE FACTORY OUTLET,JL. L. L. R. E. MARTADINATA NO. 63-65,2021,-6.904086411492033,107.61718370032496,Citarum,Bandung Wetan,tourism_shopping_place
PASSION FACTORY OUTLET,JL. L. L. R. E. MARTADINATA NO. 36,2021,-6.905668433280177,107.61664414888116,Citarum,Bandung Wetan,tourism_shopping_place
EST FACTORY OUTLET,JL. SUMATERA NO. 28-30,2021,-6.916087641641674,107.61391375120031,Kebon Pisang,Sumur Bandung,tourism_shopping_place
DSE FACTORY OUTLET,JL. MERDEKA NO. 35,2021,-6.907861945781902,107.61016158072113,Babakan Ciamis,Sumur Bandung,tourism_shopping_place
ADIDAS OUTLET STORE,JL. SOEKARNO HATTA NO. 57355,2021,-6.945820849775246,107.63874392149508,Gumuruh,Batununggal,tourism_shopping_place
THE CROWN PREMIUM OUTLETS,JL. L. L. R. E. MARTADINATA NO. 51,2021,-6.90639141247417,107.61504971910932,Citarum,Bandung Wetan,tourism_shopping_place
ADIDAS OUTLET DAGO,JL. IR H. JUANDA NO. 123,2021,-6.890279955952941,107.61339052843395,Lebak Gede,Coblong,tourism_shopping_place
EIGER,JL. PELAJAR PEJUANG 45 NO. 112,2021,-6.93251141208714,107.62307514112626,Turangga,Lengkong,tourism_shopping_place
EIGER ADVENTURE CIHAMPELAS,JL. CIHAMPELAS NO. 22,2021,-6.90398199964887,107.60461201101285,Tamansari,Bandung Wetan,tourism_shopping_place
PEGASHOES,JL. KEMBANG SAPATU NO. 3,2021,-6.917630849245296,107.6245878965211,Merdeka,Sumur Bandung,tourism_shopping_place
FO RIAU STOK MALL,JL. L. L. R. E. MARTADINATA NO. 160,2021,-6.912518306702773,107.6291368858317,Cihapit,Bandung Wetan,tourism_shopping_place
EXPORT STATION,JL. SUMATERA NO. 24-30,2021,-6.914566983084818,107.61395944297708,Babakan Ciamis,Sumur Bandung,tourism_shopping_place
FS BODYPACK EIGER STORE DAGO,JL. IR. H. JUANDA NO. 88,2021,-6.89471339141491,107.61327236979164,Lebak Gede,Coblong,tourism_shopping_place
CONSINA STORE BANDUNG,JL. LENGKONG BESAR NO. 79,2021,-6.925321832006346,107.6123781586149,Paledang,Lengkong,tourism_shopping_place
ISTANA SEPATU,JL. DALEM KAUM NO. 25,2021,-6.921761034164259,107.60481619141464,Balonggede,Regol,tourism_shopping_place
ISTANA SEPATU MERDEKA,JL. MERDEKA NO. 23A,2021,-6.909031604124932,107.6104479551268,Babakan Ciamis,Sumur Bandung,tourism_shopping_place
EIGER SUMATERA,JL. SUMATERA NO. 23,2021,-6.915838350397886,107.61338908638176,Braga,Sumur Bandung,tourism_shopping_place
THE SAPARUA,JL. AMBON NO. 15,2021,-6.907073430112584,107.61679002283245,Citarum,Bandung Wetan,tourism_shopping_place
CASCADE FASHION HOUSE AND HOME LIVING,JL. L. L. R. E. MARTADINATA NO. 65,2021,-6.905507734477263,107.61738010469917,Citarum,Bandung Wetan,tourism_shopping_place
UNDER ARMOUR BANDUNG,JL. IR. H. JUANDA NO. 23,2021,-6.904552125190411,107.61046809552263,Citarum,Bandung Wetan,tourism_shopping_place
TERMINAL TAS,JL. L. L. R. E. MARTADINATA NO. 32,2021,-6.905681029509282,107.61631843989504,Citarum,Bandung Wetan,tourism_shopping_place
IBC JEANS & FACTORY OUTLET,JL. CIHAMPELAS NO. 114,2021,-6.897148511325782,107.604214512886,Tamansari,Bandung Wetan,tourism_shopping_place
DEARUMMANIS FACTORY OUTLET,JL. CIHAMPELAS NO. 144,2021,-6.895486917998204,107.60421449881454,Cipaganti,Coblong,tourism_shopping_place
NIKE FACTORY STORE,JL. IR. H. JUANDA NO. 145,2021,-6.888811226155463,107.6128195308568,Lebak Siliwangi,Coblong,tourism_shopping_place
EPISODE,JL. IR. H. JUANDA NO. 125,2021,-6.89142587388843,107.61278572240374,Lebak Siliwangi,Coblong,tourism_shopping_place
MACADAMIA LITTLE GLAMZ,JL. BAHUREKSA NO.12,2021,-6.905373266499163,107.61446943114248,Citarum,Bandung Wetan,tourism_shopping_place
RABBANI KEMKO BUAH BATU,JL. BUAH BATU NO. 150,2021,-6.937375940087906,107.62300645122797,Cijagra,Lengkong,tourism_shopping_place
GANI FACTORY OUTLET,JL. A.H. NASUTION KM 10 NO. 6-8,2021,-6.912032535092137,107.69169095631952,Cigending,Ujungberung,tourism_shopping_place
HOUSE OF DONATELLO,JL. IR. H. JUANDA NO. 104,2021,-6.89234104056075,107.61346546433096,Lebak Gede,Coblong,tourism_shopping_place
FACTORY OUTLET TOMKINS,JL. GEDEBAGE SELATAN NO. 95,2021,-6.946721209427769,107.68908069175131,Cisaranten Kidul,Gedebage,tourism_shopping_place
HYPESTORE,JL. CIHAMPELAS NO. 178,2021,-6.890222261711635,107.60362729289436,Cipaganti,Coblong,tourism_shopping_place
C29 FACTORY OUTLET,JL. CIGONDEWAH KIDUL NO. 29,2021,-6.929223077212588,107.5649511758082,Cijerah,Bandung Kulon,tourism_shopping_place
PUMA OUTLET,JL. IR. H. JUANDA NO. 119,2021,-6.891180218316193,107.61247443290858,Lebak Siliwangi,Coblong,tourism_shopping_place
FACTORY OUTLET JBA,JL. TERUSAN KIPO KM. 13 NO. 367,2021,-7.008748283355581,107.55110083463344,Citarum,Bandung Wetan,tourism_shopping_place
DEMOSS WISATA BERBELANJA BUAH BATU,JL. BUAH BATU NO. 149,2021,-6.9376468884924725,107.6243044953762,Turangga,Lengkong,tourism_shopping_place
PERAHU JEANS FASHION OUTLET,JL. CIHAMPELAS,2021,-6.895485724104602,107.6039751223515,Cipaganti,Coblong,tourism_shopping_place
MINIMAL RUMAH MODE,JL. DR. SETIABUDI NO. 41,2021,-6.882740667366009,107.59984082444936,Pasteur,Sukasari,tourism_shopping_place
GRANDE FACTORY OUTLET,JL. RAYA PAJAJARAN NO. 76,2021,-6.6088744055930615,106.81121596286545,Citarum,Bandung Wetan,tourism_shopping_place
LEVEL,JL. H. JUANDA NO. 138,2021,-6.888460102346018,107.61374930585654,Lebak Gede,Coblong,tourism_shopping_place
RENARITTI,JL. L. L. R. E. MARTADINATA NO. 26,2021,-6.90648632941917,107.61482717791988,Citarum,Bandung Wetan,tourism_shopping_place
FO WARUNG GAUL,JL. CIHAMPELAS NO. 151,2021,-6.894176718330846,107.60374123767446,Cipaganti,Coblong,tourism_shopping_place
SCH SULTAN AGUNG,JL. SULTAN AGUNG NO. 3,2021,-6.904378931282043,107.61130894064748,Citarum,Bandung Wetan,tourism_shopping_place
ADIDAS SURAPATI,JL. SURAPATI NO. 61,2021,-6.898692024208147,107.62106783840336,Sadang Serang,Coblong,tourism_shopping_place
VESSEL STORE,JL. TRUNOJOYO NO. 23,2021,-6.902742031894454,107.61336197792414,Citarum,Bandung Wetan,tourism_shopping_place
GUDANG GARMENT JL. JAKARTA,JL. JAKARTA NO.8,2021,-6.91438572944012,107.63520305005038,Kacapiring,Batununggal,tourism_shopping_place
GUDANG GARMENT,JL. A.H. NASUTION NO. 76,2021,-6.906605074726724,107.68472102006304,Sindangjaya,Mandalajati,tourism_shopping_place
TC7 STORE,JL. TAMAN CEMP. NO.7,2021,-6.9130207868256335,107.62744989306988,Merdeka,Sumur Bandung,tourism_shopping_place
HAPPY GO LUCKY,JL. CILIWUNG NO. 14,2021,-6.90567882375141,107.62593099015048,Cihapit,Bandung Wetan,tourism_shopping_place
GUDANG GARMENT TOHA,JL. MOH. TOHA NO. 106,2021,-6.971742343837079,107.61960208551908,Pasawahan,Bandung Wetan,tourism_shopping_place
KING KONG JEANS,JL. CIHAMPELAS NO. 166A,2021,-6.894632004165648,107.60412478177876,Cipaganti,Coblong,tourism_shopping_place
RABBANI,JL. DIPATIUKUR NO. 44,2021,-6.895818214015603,107.61694394065174,Lebak Gede,Coblong,tourism_shopping_place
ALISHA FANCY SHOP,JL. SALENDRO UTARA NO. 27,2021,-6.936511873128551,107.63428053515013,Turangga,Lengkong,tourism_shopping_place
CROCS,JL. L. LÂ  R. R. MARTADINATA NO. 32,2021,-6.903002687983072,107.61621794145404,Citarum,Bandung Wetan,tourism_shopping_place
NS FACTORY OUTLET,JL. DEWI SARTIKA NO. 65,2021,-6.924286488826419,107.60615434667044,Balonggede,Regol,tourism_shopping_place
STOP N SHOP FACTORY OUTLET,JL. INSINYUR H. JUANDA NO. 152,2021,-6.903005412818931,107.61029022630493,Tamansari,Bandung Wetan,tourism_shopping_place
SHAFIRA BUAH BATU,JL. BUAH BATU NO. 165 B,2021,-6.939793058374583,107.62586564773416,Turangga,Lengkong,tourism_shopping_place
MR BEAN FACTORY OUTLET,JL. L. L. R. E. MARTADINATA NO. 57,2021,-6.905261017213382,107.6158859264125,Citarum,Bandung Wetan,tourism_shopping_place
CISANGKUY FACTORY OUTLET,JL. CISANGKUY NO. 58,2021,-6.901020930119488,107.62185007160436,Cihaurgeulis,Cibeunying Kaler,tourism_shopping_place
JETSET FACTORY OUTLET,JL. IR. H. JUANDA NO. 116,2021,-6.890029154120969,107.61352418187494,Lebak Gede,Coblong,tourism_shopping_place
CALAMUS FACTORY OUTLET,JL. L. L. R. E. MARTADINATA NO. 81,2021,-6.904687710406517,107.62275614866572,Cihapit,Bandung Wetan,tourism_shopping_place
TOKO DAPUR BUNDA - FACTORY OUTLET,JL. LODAYA NO. 55,2021,-6.928306331488237,107.6211102060817,Malabar,Lengkong,tourism_shopping_place
SPORT STATION TRUNOJOYO,JL. TRUNOJOYO NO.7,2021,-6.905101379773093,107.61331287974104,Citarum,Bandung Wetan,tourism_shopping_place
JOKOWOW FACTORY OUTLET,JL. CIHAMPELAS NO. 174,2021,-6.8778825618941815,107.59653232116888,Gegerkalong,Sukajadi,tourism_shopping_place
GRANDE FASHION & GALLERY,JL. CIHAMPELAS NO.186,2021,-6.892269287722978,107.60405740746457,Cipaganti,Coblong,tourism_shopping_place
CHERRY FACTORY OUTLET,JL. GEGERKALOOHILIR NO. 18,2021,-6.869472895818815,107.59261891349128,Gegerkalong,Sukajadi,tourism_shopping_place
MIKHAYLA KIDS FACTORY OUTLET BATUSANGKAR,JL. SOEKARNO HATTA NO. 2,2021,-6.934082496732506,107.71877241786451,Pasirbiru,Cibiru,tourism_shopping_place
BARUNI BATIK GALLERY,JL. BUAH BATU NO.87,2021,-6.933772489803377,107.6206051128925,Malabar,Lengkong,tourism_shopping_place
CUCI GUDANG BARANG BRANDED,JL. TAMAN KOPO INDAH I,2021,-6.966701958020234,107.57331939325356,Sayati,Bandung Wetan,tourism_shopping_place
FOJBA FACTOR OUTLET,JL. TERUSAN KOPO,2021,-7.007884620293743,107.55094654543056,Citarum,Bandung Wetan,tourism_shopping_place
JULIEN BIG SIZE,JL. VETERAN NO. 17-B,2021,-6.917855446526907,107.61489750674072,Kebon Pisang,Sumur Bandung,tourism_shopping_place
THE SPORTS WAREHOUSE,JL. BRAGA NO. 91,2021,-6.916662612507113,107.6091038656638,Braga,Sumur Bandung,tourism_shopping_place
BRAND REVOLUTION,JL. IR. H. JUANDA,2021,-6.891286723690143,107.61358912879248,Lebak Gede,Coblong,tourism_shopping_place
BOOM STOCK,JL. CIHAMPELAS NO. 144,2021,-6.894536944826362,107.60403503222562,Cipaganti,Coblong,tourism_shopping_place
BANDUNG ORIGINAL MERCHANDISE,JL. CIHAMPLES NO. 210,2021,-6.889212373123292,107.604394396583,Cipaganti,Coblong,tourism_shopping_place
PERSIB MERCHANDISE STORE,JL. SULANJANA NO. 17,2021,-6.8981591543338645,107.61005918538048,Lebak Siliwangi,Coblong,tourism_shopping_place
ELMEIRA HIJAB,JL. PROGO NO. 3,2021,-6.90249620083983,107.61705736316036,Citarum,Bandung Wetan,tourism_shopping_place
TOKO TIGA,JL. JEND. AHMAD YANI,2021,-6.91954844923399,107.62110800602044,Kebon Pisang,Sumur Bandung,tourism_shopping_place
TWIG HOUSE,JL. SUKAJADI NO. 127,2021,-6.889809921568851,107.59668819521804,Pasteur,Sukasari,tourism_shopping_place
OUTLET@251 - S.OLIVER,JL. RAYA PAJAJARAN NO. 27,2021,-6.570326471881416,106.80866969848154,Citarum,Bandung Wetan,tourism_shopping_place
TOKO SEPATU BATA,JL. RAYA BOJONGSOANG NO. 67,2021,-6.980270511895414,107.63344458073256,Lengkong,Bandung Wetan,tourism_shopping_place
TOKO TAS ELIZABETH OTISTA,JL. OTTO ISKANDAR DINATA NO. 520,2021,-6.930504903131708,107.60327406536368,Nyengseret,Astanaanyar,tourism_shopping_place
UNIVERSAL FOOTWEAR,JL. CIKONENG NO. 46,2021,-6.983099913512733,107.64128579399384,Lengkong,Bandung Wetan,tourism_shopping_place
SILIWANGI,JL. JEND. AHMAD YANI 203,2021,-6.918466165064204,107.624137627217,Kebon Pisang,Sumur Bandung,tourism_shopping_place
NIRWANA FABRIC OUTLET,JL. HASANUDIN NO. 9,2021,-6.890690522974218,107.61630191739344,Lebak Gede,Coblong,tourism_shopping_place
C59,JL. MERAK NO.2,2021,-6.897264699602768,107.62038944317688,Sadang Serang,Coblong,tourism_shopping_place
THIRD DAY CO,JL. CIHAMPELAS NO. 140,2021,-6.894473926345713,107.60398860542506,Cipaganti,Coblong,tourism_shopping_place
K2 BUSANA,JL. DEWI SARTIKA NO. 69,2021,-6.923048631574014,107.6055812320262,Balonggede,Regol,tourism_shopping_place
WIDELY PROJECT,JL. L. L. R. E. MARTADINATA NO. 107,2021,-6.904229021401132,107.62179519715473,Citarum,Bandung Wetan,tourism_shopping_place
RUMAH BAJU FASHION OUTLET,JL. PURWAKARTA NO. 146,2021,-6.914314342256234,107.65666443816652,Antapani Tengah,Antapani,tourism_shopping_place
KENARI FABRIC OUTLET,JL. KENARI NO. 14,2021,-6.909063594617352,107.6114076057886,Citarum,Bandung Wetan,tourism_shopping_place
FACTORY OUTLET HILTON,JL. TERUSAN KOPO KM. 11 NO. 76,2021,-6.979701495649215,107.56012411140924,Mekar Rahayu,Bandung Wetan,tourism_shopping_place
BARCELONA SPORT,JL. JEND AHMAD YANI NO. 69,2021,-6.920599434461862,107.6200880547004,Kebon Pisang,Sumur Bandung,tourism_shopping_place
GRUTTY SEPATU,JL. CIBADUYUT RAYA NO. 66,2021,-6.95074969533578,107.59352499888868,Cibaduyut,Bojongloa Kidul,tourism_shopping_place
TOKO DIANA,JL. CIBADUYUT RAYA NO. 134,2021,-6.955282248460807,107.59300588875082,Cibaduyut,Bojongloa Kidul,tourism_shopping_place
BATIK UNGGUL JAYA,JL. VETERAN NO. 42,2021,-6.918646982122094,107.615397375414,Kebon Pisang,Sumur Bandung,tourism_shopping_place
TOKO SEIRA,JL. BARANANG SIANG NO. 75,2021,-6.917837496520026,107.61865891144464,Kebon Pisang,Sumur Bandung,tourism_shopping_place
SYMPHONIC/CRUNC/UNFOLDS/STORE,JL. DEWI SARTIKA NO.7A,2021,-6.922618112056233,107.60628267718364,Balonggede,Regol,tourism_shopping_place
PLANET FASHION,JL. DEWI SARTIKA NO. 15,2021,-6.923470159127791,107.6064221515738,Balonggede,Regol,tourism_shopping_place
MYV FASHION,JL. KOSAR NO. KAV 9,2021,-6.901139390689338,107.6913987803822,Pasirendah,Ujungberung,tourism_shopping_place
MARYJANE STORE,JL. SULTAN TIRTAYASA NO.15,2021,-6.901828702482074,107.6140612049914,Citarum,Bandung Wetan,tourism_shopping_place
DAUKY FASHION HIJAB PASTEUR,JL. SUKARAJA ISTANA PASTTEUR REGENCY CRA49,2021,-6.890443329897997,107.57501695629664,Sukawarna,Bandung Wetan,tourism_shopping_place
TRIVIUM CLOTH,JL. LENGKONG BESAR NO. 81B,2021,-6.924931041717792,107.61253150162418,Paledang,Lengkong,tourism_shopping_place
OUVAL RESEARCH BUAH BATU,JL. BUAH BATU NO. 64,2021,-6.932529481273305,107.6188677939952,Malabar,Lengkong,tourism_shopping_place
TOKO ISNA FAJAR,JL. OTTO ISKANDAR DINATA NO. 177,2021,-6.919815344306286,107.6042845743056,Braga,Sumur Bandung,tourism_shopping_place
BAJUKU BANDUNG,JL. CIPAMUKOLAN NO. 58,2021,-6.941638480489701,107.67690030227584,Cipamokolan,Rancasari,tourism_shopping_place
TOKO PRABU,JL. JENDERAL AHMAD YANINO. 124,2021,-6.91983621620014,107.62114001206452,Kebon Pisang,Sumur Bandung,tourism_shopping_place
KAOS POLOS BANDUNG / CEMARA CLOTHING,JL. CEMARA NO. 63,2021,-6.8834396127792585,107.5984435950466,Pasteur,Sukasari,tourism_shopping_place
GILDAN BANDUNG,JL. TM. CIBEUNYIN SEL,2021,-6.907920493493678,107.6267507288954,Cihapit,Bandung Wetan,tourism_shopping_place
GUDANG JAM BANDUNG,JL. TERNATE NO. 29,2021,-6.907119693360329,107.61384598962664,Citarum,Bandung Wetan,tourism_shopping_place
HURTZINEMEDIA STORE,JL. GUDANG SELATAN NO. 22A,2021,-6.916684481646385,107.62079758537884,Merdeka,Sumur Bandung,tourism_shopping_place
POSHBRAIN STUDIO,JL. GUDANG SELATAN NO. 22,2021,-6.916895354640224,107.62093414218135,Merdeka,Sumur Bandung,tourism_shopping_place
PABRIK-JEANS.COM,JL. GUDANG UTARA NO. 4,2021,-6.915072796311031,107.619781000513,Merdeka,Sumur Bandung,tourism_shopping_place
ZOYA,JL. RUMAH SAKIT NO. 131,2021,-6.9276416083992665,107.69463707980417,Sukamulya,Cinambo,tourism_shopping_place
BEST CARE,JL. KEMUNING NO. 23,2021,-6.915068293165974,107.62815559512087,Merdeka,Sumur Bandung,tourism_shopping_place
THE HALLWAY,KEBON PISANG SUMUR BANDUNG,2021,-6.919075875192521,107.62245623565856,Kebon Pisang,Sumur Bandung,tourism_shopping_place
TAMIM 27,JL. TAMIM NO. 27,2021,-6.918076753295115,107.60366566492452,Kebon Jeruk,Andir,tourism_shopping_place
TOKO GONZO,JL. SETRAINDAH BARAT NO. 2,2021,-6.881825610269285,107.58796799025642,Sukagalih,Sukasari,tourism_shopping_place
CHIODA SPORTS MARKET,JL. KEJAKSAAN NO. 19,2021,-6.917948929441125,107.6109187036164,Braga,Sumur Bandung,tourism_shopping_place
D'FASHION TEXTILE & TAILOR,JL. VETEREAN NO. 41,2021,-6.919013983643716,107.61613291318216,Kebon Pisang,Sumur Bandung,tourism_shopping_place
DBL STORE BANDUNG,JL. CIHAMPELAS NO. 248,2021,-6.888047672766455,107.6040661484922,Cipaganti,Coblong,tourism_shopping_place
MONALIZA,JL. L. L. R. E. MARTADINATA NO. 170,2021,-6.915064730290696,107.62945156567449,Merdeka,Sumur Bandung,tourism_shopping_place
LAVIE BABY HOURSE,JL. IMAM BONJOL NO. 6,2021,-6.893926279276422,107.61555055352468,Lebak Gede,Coblong,tourism_shopping_place
CAHAYA SPORT,JL. JENDERAL AHMAD YANI NO. 262,2021,-6.916215794187197,107.62928961683568,Kacapiring,Batununggal,tourism_shopping_place
ELIZABETH CIATEUL,JL. IBU INGGIT GARNASIH NO. 15,2021,-6.93014594131587,107.60259199537204,Nyengseret,Astanaanyar,tourism_shopping_place
VILOUR PROMO INDONESIA,JL. DIPATI UKUR NO. 76A,2021,-6.88905259768777,107.61622077448756,Lebak Gede,Coblong,tourism_shopping_place
RABBANI KOPO,JL. RAYA KOPO NO. 632,2021,-6.958990728996702,107.5799984107519,Margasuka,Babakan Ciparay,tourism_shopping_place
SCREAMOUS SHOPHOUSE,JL. GEUSAN ULUN NO. 01,2021,-6.904158617952064,107.61186666876148,Citarum,Bandung Wetan,tourism_shopping_place
WORMHOLE STORE,JL. BAHUREKSA NO. 27,2021,-6.904489908112416,107.61611509084688,Citarum,Bandung Wetan,tourism_shopping_place
347 STORE,JL. TRUNOJOYO NO. 4,2021,-6.905664882299723,107.6130501573672,Citarum,Bandung Wetan,tourism_shopping_place
RANDOM APPAREL STORE,JL. WASTUKENCANA GG. NANGKASUNI NO. 1,2021,-6.905030747265724,107.60714650971684,Tamansari,Bandung Wetan,tourism_shopping_place
HOUSE OF SMITH - BANDUNG SULTAN AGUNG,JL. SULTAN AGUNG NO. 27,2021,-6.90360685810929,107.61284753691967,Citarum,Bandung Wetan,tourism_shopping_place
INSURGENT CLUB'S FLAGSHIP STORE,JL. SULTAN AGUNG NO. 27,2021,-6.9037240196200536,107.61290118130078,Citarum,Bandung Wetan,tourism_shopping_place
BLJK BLACKJACK STORE,JL. TRUNOJOYO NO. 28,2021,-6.903737333628094,107.61331155903618,Citarum,Bandung Wetan,tourism_shopping_place
GEOFF MAX FOOTWEAR,JL. TRUNOJOYO NO. 15,2021,-6.904605393186797,107.61297360063118,Citarum,Bandung Wetan,tourism_shopping_place
BLOODS CONCEPT STORE,JL. SULTAN AGUNG,2021,-6.90459474193543,107.61189132941658,Citarum,Bandung Wetan,tourism_shopping_place
COSMIC CLOTHES,JL. SULTAN AGUNG NO. 7,2021,-6.9047288782562655,107.61164356037447,Citarum,Bandung Wetan,tourism_shopping_place
PAPERSMOOTH,JL. SULTAN AGUNG,2021,-6.904835388771824,107.61134583507936,Citarum,Bandung Wetan,tourism_shopping_place
BLACK ID CLOTHING,JL. SULTAN AGUNG NO. 3C,2021,-6.905054566527386,107.61137114851095,Citarum,Bandung Wetan,tourism_shopping_place
KICK DENIM,JL. SULTAN AGUNG NO.3C,2021,-6.904995986046634,107.6113067752027,Citarum,Bandung Wetan,tourism_shopping_place
EVIL ARMY,JL. SULTAN AGUNG NO. 5,2021,-6.904833557618647,107.61151330528364,Citarum,Bandung Wetan,tourism_shopping_place
POPCULINE,JL. TRUNOJOYO NO. 6,2021,-6.905984028336645,107.61308223259783,Citarum,Bandung Wetan,tourism_shopping_place
FLASHY,JL. DIPATI UKUR NO. 1,2021,-6.89793599676728,107.61324526167104,Lebak Gede,Coblong,tourism_shopping_place
MISCHIEF DENIM STUDIO,JL. L. L. R. E. MARTADINATA NO.70,2021,-6.905820604448319,107.62084693460542,Citarum,Bandung Wetan,tourism_shopping_place
UNITED HART FLAGSHIP STORE,JL. SULTAN TIRTAYASA NO. 30,2021,-6.903371652184566,107.6145399913233,Citarum,Bandung Wetan,tourism_shopping_place
HRCN,JL. SULTAN AGUNG NO. 7,2021,-6.9045308308899225,107.6116318276395,Citarum,Bandung Wetan,tourism_shopping_place
NORDHENBASIC,JL. BAHUREKSA NO. 20,2021,-6.9052337986489,107.61511869524249,Citarum,Bandung Wetan,tourism_shopping_place
VISVAL STORE,JL. BANDA NO. 25,2021,-6.904472253617088,107.61636137414592,Citarum,Bandung Wetan,tourism_shopping_place
MATERNAL DISASTER STORE,JL. WIRA ANGUN NO.4B,2021,-6.903375104517433,107.6139903220784,Citarum,Bandung Wetan,tourism_shopping_place
ROUGHNECK 1991 STORE BANDUNG,JL. BAHUREKSA NO. 5,2021,-6.905109984578482,107.61411398024684,Citarum,Bandung Wetan,tourism_shopping_place
RECLAYS OFFICIAL STORE,JL. TRUNOJOYO NO. 23,2021,-6.9027887244490405,107.61342130429122,Citarum,Bandung Wetan,tourism_shopping_place
CHRONIC ROCK MERCH,JL. SAWAH KURUNG IV,2021,-6.933678469265703,107.61141121599918,Ciateul,Regol,tourism_shopping_place
VEARST STORE,JL. GUDANG SELATAN NO. 22B,2021,-6.916247110451997,107.6208756769474,Merdeka,Sumur Bandung,tourism_shopping_place
NIION,JL. GUDANG SELATAN NO. 22,2021,-6.91694481048164,107.62098092207977,Merdeka,Sumur Bandung,tourism_shopping_place
POT MEETS POP DENIM,JL. BAHUREKSA NO. 20,2021,-6.905330705376133,107.61506403558182,Citarum,Bandung Wetan,tourism_shopping_place
GREENLIGHT FAMO,JL. MARGONDA RAYA NO. 214,2021,-6.377594057081619,106.8318638104152,Kemirimuka,Bandung Wetan,tourism_shopping_place
BLOODS MAINSTORE,JL. SULTAN AGUNG NO. 25,2021,-6.9035722962860655,107.61271780537948,Citarum,Bandung Wetan,tourism_shopping_place
WADEZIG! OFFLINE STORE,JL. TRUNOJOYO NO. 4,2021,-6.906095510668606,107.6128968343408,Citarum,Bandung Wetan,tourism_shopping_place
PROSHOP ORIGINAL,JL. CIGURIANG NO. 9,2021,-6.923268914454585,107.60470570857846,Balonggede,Regol,tourism_shopping_place
BLACKID CARTEL,JL. SULTAN AGUNG NO. 3C,2021,-6.9049015953116255,107.6112988903352,Citarum,Bandung Wetan,tourism_shopping_place
PETER SAYS DENIM,JL. CIUMBULEUIT NO. 109,2021,-6.878108933028832,107.60345612166869,Hegarmanah,Cidadap,tourism_shopping_place
GUMMO,JL. SULTAN AGUNG NO. 13,2021,-6.9040012516997455,107.6122232067519,Citarum,Bandung Wetan,tourism_shopping_place
MAYOUTFIT,JL. GEGERKALONG HILIR NO. 9,2021,-6.870430157648429,107.59252785326564,Gegerkalong,Sukajadi,tourism_shopping_place
MAYOUTFIT BUAH BATU,JL. BUAH ATU NO. 222C,2021,-6.941252463655147,107.62687080510936,Turangga,Lengkong,tourism_shopping_place
SHOPATALEEN,JL. GEGERKALONG HILIR NO.9B,2021,-6.870291088284675,107.59257979218016,Gegerkalong,Sukajadi,tourism_shopping_place
BERAK9420,JL. TERUSAN PERINTIS NO. 92,2021,-6.882159496441576,107.57323466406476,Sarijadi,Sukajadi,tourism_shopping_place
FLAVA,JL. CIHAMPELAS NO. 177,2021,-6.88828604747268,107.6038524774038,Cipaganti,Coblong,tourism_shopping_place
BRODO FOOTWEAR,JL. LOMBOK NO. 11,2021,-6.909969500430918,107.61851969202608,Merdeka,Sumur Bandung,tourism_shopping_place
SAVE MY MONDAY,JL. GUDANG SELATAN NO. 22B,2021,-6.916817453757029,107.62086636442068,Merdeka,Sumur Bandung,tourism_shopping_place
DEUS EX MACHINA,JL. GUDANG SELATAN NO. 22,2021,-6.915888690059044,107.62097973105207,Merdeka,Sumur Bandung,tourism_shopping_place
MOMS TO BE,JL. SOKA NO. 12,2021,-6.915957919635587,107.62678939490397,Merdeka,Sumur Bandung,tourism_shopping_place
CARVIENO,JL. SOKA NO. 22-24,2021,-6.91612700020933,107.62756716515044,Merdeka,Sumur Bandung,tourism_shopping_place
SPEEDTUNER INDONESIA,JL. JENDEAL AHMAD YANI NO. 231,2021,-6.916579657498894,107.6278514814448,Kacapiring,Batununggal,tourism_shopping_place
JAYAGIRI OUTDOORS VANGUARD,JL. TERUSAN BUAH BATU NO. 255,2021,-6.9615765294307845,107.63893784925476,Kujangsari,Bandung Kidul,tourism_shopping_place
RUBYLICIOUS BANDUNG,JL. KEMUNING NO. 2,2021,-6.913961557516845,107.62719113469988,Merdeka,Sumur Bandung,tourism_shopping_place
RUBYLICIOUS WAREHOUSE,JL. PROF DR. SUTAMI NO. 52A,2021,-6.877444243973704,107.58862177705304,Sukarasa,Sukajadi,tourism_shopping_place
SVGGEST BAGS & GOODS,JL. GUDANG SELATAN NO. 22B,2021,-6.916934609456402,107.62083417721792,Merdeka,Sumur Bandung,tourism_shopping_place
POISON STOCKROOM,JL. GUDANG SELATAN NO. 22B,2021,-6.916274262157493,107.62098437938543,Merdeka,Sumur Bandung,tourism_shopping_place
RUMAH BATIK KOMAR,JL. SUMBAWA NO. 22,2021,-6.913007760333564,107.61715727750644,Merdeka,Sumur Bandung,tourism_shopping_place
BATIK DANAR HADI,JL. L. L. R. E. MARTADINATA NO. 60,2021,-6.90580320770528,107.62012181871977,Citarum,Bandung Wetan,tourism_shopping_place
MANONJAYA BATIK,JL. SUMATERA NO. 17,2021,-6.916420456228421,107.6133677125576,Kebon Pisang,Sumur Bandung,tourism_shopping_place
JAKCLOTH STORE BANDUNG,JL. TERUSAN JAKARTA NO.109B,2021,-6.911955201438932,107.65359440218556,Antapani Kulon,Antapani,tourism_shopping_place
CALLA THE LABEL,JL. BENGAWAN NO. 45,2021,-6.910566654765937,107.6292651470367,Cihapit,Bandung Wetan,tourism_shopping_place
OUR BANDUNG STYLE,JL. DIPATI UKUR NO. 72,2021,-6.888652771569398,107.61613718066886,Lebak Gede,Coblong,tourism_shopping_place
OCLO.OFFICIAL,JL. CARINGIN NO. 235,2021,-6.943014001252724,107.57648889139816,Babakan Ciparay,Babakan Ciparay,tourism_shopping_place
COSMIC CLOTHING,JL. TRUNOJOYO NO. 4,2021,-6.905901079743472,107.61302678110648,Citarum,Bandung Wetan,tourism_shopping_place
URBAN CLOTH,JL. L. L. R. E. MARTADINATA NO. 57,2021,-6.905789046799411,107.6158972865156,Citarum,Bandung Wetan,tourism_shopping_place
AREI OUTDOOR GEAR CIHAMPELAS,JL. CIHAMPELAS NO. 19,2021,-6.905021106384828,107.60423867686636,Tamansari,Bandung Wetan,tourism_shopping_place
RASHAWL,JL. MANGGA NO. 36B,2021,-6.911224257382555,107.62879511854456,Cihapit,Bandung Wetan,tourism_shopping_place
MAIMA INDONESIA,JL. RANGGAMALELA NO. 8,2021,-6.901180447686171,107.6110571897577,Tamansari,Bandung Wetan,tourism_shopping_place
MAIMA INDONESIA TUBAGUS ISMAIL,JL. TUBAGUS ISMAIL VIII NO. 27,2021,-6.882992293826276,107.620676961748,Sekeloa,Coblong,tourism_shopping_place
LTHRKRFT,JL. GUDANG SELATAN NO. 22,2021,-6.91696610934598,107.62094873453316,Merdeka,Sumur Bandung,tourism_shopping_place
LOZY HIJAB,JL. AMBON NO. 15,2021,-6.906722489189735,107.616692972427,Citarum,Bandung Wetan,tourism_shopping_place
HI JACK SANDALS,JL. DAHLIA NO. 1A,2021,-6.912795425390005,107.62769225677133,Merdeka,Sumur Bandung,tourism_shopping_place
ARENA EXPERIENCE,JL. AMBON NO. 9,2021,-6.907256820449246,107.6161821953252,Citarum,Bandung Wetan,tourism_shopping_place
SKATERS CIHAMPELAS,JL. CIHAMPELAS NO. 155,2021,-6.893796532446485,107.60408036277398,Cipaganti,Coblong,tourism_shopping_place
CARDINAL,JL. CIHAMPELAS NO. 153,2021,-6.89395824053069,107.60397378356156,Cipaganti,Coblong,tourism_shopping_place
RUSS & CO.STORE,JL. SULTAN AGUNG NO. 27,2021,-6.903641474320705,107.61294912547768,Citarum,Bandung Wetan,tourism_shopping_place
PHILIP WORKS,JL. BAHUREKSA NO. 1,2021,-6.9051832111410825,107.61378798633962,Citarum,Bandung Wetan,tourism_shopping_place
KZL KRIZLIBERATION,JL. MAULANA YUSUF NO. 2,2021,-6.901902427254507,107.61363836441538,Citarum,Bandung Wetan,tourism_shopping_place
NA KAMOE BY NA POCUT MOSLEM STORE,JL. SULTAN TIRTAYASA NO. 16,2021,-6.9029278535518905,107.6129823177866,Citarum,Bandung Wetan,tourism_shopping_place
SILMA ID,JL. CIKUTRA NO. 181,2021,-6.892161182194223,107.64293084823062,Citarum,Bandung Wetan,tourism_shopping_place
APPAREL STORE,JL. SULTAN AGUNG NO. 5,2021,-6.904037707147792,107.61135418938628,Citarum,Bandung Wetan,tourism_shopping_place
BEGAN CLOTHING,JL. TRUNOJOYO NO. 25,2021,-6.902188122151149,107.61371903678844,Citarum,Bandung Wetan,tourism_shopping_place
NOSTRADE ID,JL. SURAPATI NO. 32,2021,-6.898188097785369,107.62442315410188,Sukaluyu,Cibeunying Kaler,tourism_shopping_place
LINOLEUM SHOP,JL. SARIASIH BLOK 3 NO. 21,2021,-6.875871021633933,107.57848726441884,Sarijadi,Sukajadi,tourism_shopping_place
FEMME OUTFIT,JL. GAMBIR ANOM BUNTU BAWAH 1,2021,-6.896417336792212,107.62973607694911,Sukaluyu,Cibeunying Kaler,tourism_shopping_place
RAWTYPE RIOT,JL. RERENG ADUMANIS NO. 3,2021,-6.895437429974698,107.63153850807524,Sukaluyu,Cibeunying Kaler,tourism_shopping_place
CLO HIJAB BOUTIQUE,JL. RERENG ADUMANIS NO. 6B,2021,-6.894287097457747,107.63110935329227,Sukaluyu,Cibeunying Kaler,tourism_shopping_place
THIRTEEN SPORTS APPAREL,JL. MANTERON NO. 45,2021,-6.89464924035078,107.62983463825232,Sukaluyu,Cibeunying Kaler,tourism_shopping_place
JAMES BOOGIE,JL. GAMBIR SAKETI NO. 44,2021,-6.895073292455397,107.6293732975656,Sukaluyu,Cibeunying Kaler,tourism_shopping_place
ESGOTADO,JL. SIDOMUKTI NO.T-5,2021,-6.89598663546193,107.6288368558942,Sukaluyu,Cibeunying Kaler,tourism_shopping_place
FASSYSTOR HQ,JL. CIGADUNG RAYA TIMUR NO. 64,2021,-6.888446176727387,107.63012599249306,Cigadung,Cibeunying Kaler,tourism_shopping_place
MINIMAX APPAREL,JL. BOJONG INDAH NO. 81,2021,-6.883087831331106,107.63818368363704,Citarum,Bandung Wetan,tourism_shopping_place
MAGGOT CLOTHING,JL. SAUYUNAN RAYA NO. 21,2021,-6.948449362696107,107.58996296670564,Kebonlega,Bojongloa Kidul,tourism_shopping_place
WELLDONE STORE,JL. CIBLUK NO. 4,2021,-6.963780759156126,107.60339140542956,Cangkuang Wetan,Bandung Wetan,tourism_shopping_place
MERCH CONS,JATISARI KEC BUAH BATU,2021,-6.931091663171401,107.6625278191238,Jatisari,Buahbatu,tourism_shopping_place
CLOVER CLOTHING,JL. MELONG ASIH NO. 52,2021,-6.917763928394692,107.56784240825942,Cijerah,Bandung Kulon,tourism_shopping_place
EPIDEMIC,JL. DEWI SARTIKA NO. 27,2021,-6.923494528439751,107.60636226995514,Balonggede,Regol,tourism_shopping_place
CITITEX KARAPITAN BANDUNG,JL. KARAPITAN NO. 137B,2021,-6.929826222421613,107.61595790704028,Cikawao,Lengkong,tourism_shopping_place
HAJJAS FASHION,JL. TAMAN PRAMUKA NO. 181,2021,-6.910320205409478,107.62766202326584,Cihapit,Bandung Wetan,tourism_shopping_place
KIDDROCK CLOTHING CO.,JL. LENGKONG BESAR NO. 97,2021,-6.925875817649589,107.61252784908584,Cikawao,Lengkong,tourism_shopping_place
3SECOND STORE BUAH BATU,JL. BUAH BATU,2021,-6.944854920581903,107.63031711633866,Turangga,Lengkong,tourism_shopping_place
DAUKY,JL. SUKARAJA BLOK CRA NO. 44,2021,-6.8901307387641575,107.57302805714424,Pasirkaliki,Bandung Wetan,tourism_shopping_place
CENTRAL JACKET,JL. RAJAWALI TIMUR NO. 1,2021,-6.916206606255811,107.58988790721855,Ciroyom,Andir,tourism_shopping_place
ORGOGLIO STORE,PERBATASAN JL PALEDANG - MALEBER NO. 166,2021,-6.902504785025195,107.57100353765324,Cibeureum,Bandung Wetan,tourism_shopping_place
RANGKAS,JL. SUNDA,2021,-6.925905284042102,107.61677933827728,Paledang,Lengkong,tourism_shopping_place
MUSCA INDONESIA,KOMPLEK TULIP PERMAI BLOK 2 NO. 16,2021,-6.916323994439619,107.63893539511588,Kebonwaru,Batununggal,tourism_shopping_place
JAWARA BUIAO STORE,GG KEBONGPISANG,2021,-6.916633031760908,107.61910128931544,Merdeka,Sumur Bandung,tourism_shopping_place
MI-YO,JL. SOKA NO. 01,2021,-6.9147239522357165,107.62606752573735,Merdeka,Sumur Bandung,tourism_shopping_place
BANDUNG APPARELS,JL.JEND. SUDIRMAN NO. 695,2021,-6.916552655801707,107.57495972786948,Garuda,Andir,tourism_shopping_place
FLICKL CLOTHING,MARGAHAYU UTARA,2021,-6.950258819239871,107.5788841248896,Margahayu Utara,Babakan Ciparay,tourism_shopping_place
SAGE BANDUNG,MERDEKA,2021,-6.916127645667325,107.62061352151945,Merdeka,Sumur Bandung,tourism_shopping_place
MILOSMILES MINISTORE,JL. SULANJANA NO. 11,2021,-6.899733245898273,107.6112075664318,Tamansari,Bandung Wetan,tourism_shopping_place
MAGMA APPAREL,JL. GAMELAN NO. 10,2021,-6.9349192653071965,107.63036673236552,Turangga,Lengkong,tourism_shopping_place
STORE OWNERS WORLDWIDE,JL. PUDAK NO. 11,2021,-6.913827248485041,107.6285355237066,Merdeka,Sumur Bandung,tourism_shopping_place
TOKO SUNDA OKEY,JL. JEND. AHMAD YANI NO. 77,2021,-6.916997588778527,107.6191727854579,Merdeka,Sumur Bandung,tourism_shopping_place
BROMEDISTRICT STORE,JL. GUDANG SELATAN NO. 22,2021,-6.917004230053431,107.62089215395112,Merdeka,Sumur Bandung,tourism_shopping_place
3/4 7 N,JL. TRUNOJOYO NO. 4,2021,-6.906181225988295,107.61291577604646,Citarum,Bandung Wetan,tourism_shopping_place
FLO DISTRO,JL. TRUNOJOYO NO. 6,2021,-6.90597885658496,107.61306597962673,Citarum,Bandung Wetan,tourism_shopping_place
BEUTIK COMPANY,JL. JAWA NO.4,2021,-6.9152776911481055,107.61683646846664,Merdeka,Sumur Bandung,tourism_shopping_place
DSVN SHOP,BLOK O JL. TAMAN KOPO INDAH I NO. 27,2021,-6.965416438291629,107.57035419678864,Margahayu Tengah,Bandung Wetan,tourism_shopping_place
LIFE CLOTHING,RUKO LINGGAHARA D-13 JL. SADANG,2021,-6.962732725481735,107.5695387840497,Margahayu Tengah,Bandung Wetan,tourism_shopping_place
DNA CLOTHING STORE,JL. KUBANG UTARA 2 NO. 6D,2021,-6.885903756232404,107.6174096475972,Sekeloa,Coblong,tourism_shopping_place
SHUDAMI,JL. VIJAYAKUSUMA II NO. 19,2021,-6.915072796311031,107.619781000513,Merdeka,Sumur Bandung,tourism_shopping_place
INFLAME REBORN OFFLINE STORE,JL. LENGKONG BESAR NO. 81B,2021,-6.92538810311176,107.61251772142114,Paledang,Lengkong,tourism_shopping_place
MYPRIDE FS&CO. HQ,JL. GUDANG SELATAN NO. 22,2021,-6.91665539867841,107.62084666413864,Merdeka,Sumur Bandung,tourism_shopping_place
JON-GEN STORE,JL. JEND. AHMAD YANI NO. 247,2021,-6.914855277740896,107.63043009311998,Cihapit,Bandung Wetan,tourism_shopping_place
P-CLOTHES STORE BANDUNG,JL. KAWALUYAAN INDAH I NO. 37,2021,-6.933386612862018,107.6593540111671,Jatisari,Buahbatu,tourism_shopping_place
CLASSICONESIA,JL. GUDANG SELATAN NO. 22,2021,-6.91576833490871,107.62097901040389,Merdeka,Sumur Bandung,tourism_shopping_place
BADHABIT HQ,JL. GUDANG SELATAN NO. 22,2021,-6.917095231405648,107.6209633024036,Merdeka,Sumur Bandung,tourism_shopping_place
REVATI INDONESIA,JL. GUDANG SELATAN NO. 88,2021,-6.916167274209776,107.61958692291358,Merdeka,Sumur Bandung,tourism_shopping_place
PORTEE GOODS,JL. GUDANG SELATAN NO. 22,2021,-6.916827758016169,107.62059421698063,Merdeka,Sumur Bandung,tourism_shopping_place
PICK AND CHOOSE HQ,JL. GUDANG SELATAN NO. 22B,2021,-6.916947108642474,107.62080908899598,Merdeka,Sumur Bandung,tourism_shopping_place
PANTJA BUANA KARYA ANAK NAGARI,JL. BABAKAN IRIGASELATAN NO. 19,2021,-6.928636705768225,107.59144046340226,Babakan Tarogong,Bojongloa Kaler,tourism_shopping_place
ATTITUDE ORIGINAL OFFICE,JL. CIGURIANG NO. 17,2021,-6.923996506259132,107.60465133280562,Balonggede,Regol,tourism_shopping_place
ST KNITS,JL. SOKA NO. 24,2021,-6.915768461625117,107.6276373746391,Merdeka,Sumur Bandung,tourism_shopping_place
GRIMLOC STORE,JL. KARTINI NO. 21,2021,-6.91775719841186,107.61563940612427,Kebon Pisang,Sumur Bandung,tourism_shopping_place
REDEL OUTFIT,JL. GEGERKALONG TONGGOH I NO. 20,2021,-6.864356810595863,107.58015703797696,Gegerkalong,Sukajadi,tourism_shopping_place
RIDERS AND RULES,JL. BENGAWAN NO. 45,2021,-6.910495200259682,107.62920356487072,Cihapit,Bandung Wetan,tourism_shopping_place
KAULA INDONESIA,JL. GUDANG SELATAN NO. 22,2021,-6.916630195316314,107.62090590169946,Merdeka,Sumur Bandung,tourism_shopping_place
GALERI IVA,JL. DEDERUK NO. 6,2021,-6.898005974802493,107.62085494793784,Sadang Serang,Coblong,tourism_shopping_place
TORCH SHOWROOM,JL. LASWI NO. 1M,2021,-6.916343592260752,107.63072728304569,Kacapiring,Batununggal,tourism_shopping_place
AND-ALIVE APPAREL,KOMPLEKS BOUGENVILLE BLOK A 14 JL. PURWAKARTA,2021,-6.915409914036276,107.65391235518888,Antapani Tengah,Antapani,tourism_shopping_place
TRIPLE A TECHNICAL APPAREL,JL. KADIPATEN 4 NO. 7,2021,-6.9173271168021655,107.65605806706807,Antapani Kidul,Antapani,tourism_shopping_place
HAMMERSTOUT FLAGSHIP STORE,JL. SARI INDAH RAYA NO. 19,2021,-6.921331810435873,107.6539981379118,Babakansari,Kiaracondong,tourism_shopping_place
PRIDE N JOY,JL. JENDERAL AHMAD YANI NO. 821,2021,-6.904411758101002,107.65062598876844,Kel. Padasuka,Cibeunying Kidul,tourism_shopping_place
ALLVANE SPORTS APPAREL,JL. SULAKSANA BARU I NO. 7,2021,-6.904748136418572,107.64983121298874,Kel. Padasuka,Cibeunying Kidul,tourism_shopping_place
HEFABI APPAREL STORE AND BLACKHAWK PANTS SHOP,JL. SUKAPURA NO. 12,2021,-6.926020516571461,107.65097179659551,Babakansari,Kiaracondong,tourism_shopping_place
JAVA JONES APPAREL,JL. IR. H. JUANDA NO. 364,2021,-6.873081367483839,107.61746305530178,Dago,Coblong,tourism_shopping_place
WEHAVEFAN CYCLING APPAREL,JL. CIGADUNG SELATAN NO. 80B,2021,-6.880655969117218,107.625843756469,Cigadung,Cibeunying Kaler,tourism_shopping_place
KABOA APPAREL,JL. IMAM BONJOL NO. 48,2021,-6.888803224619253,107.6150610484772,Lebak Gede,Coblong,tourism_shopping_place
FREE N STYLE,JL. DIPATIUKUR NO. 57,2021,-6.890514206050117,107.61653993240158,Lebak Gede,Coblong,tourism_shopping_place
BLACKSHOES,JL. DIPATIUKUR NO. 66,2021,-6.890860375124786,107.61721584950384,Lebak Gede,Coblong,tourism_shopping_place
WHITE SHER,JL. DIAPTIUKUR NO. 68D,2021,-6.890471601886559,107.6169047126831,Lebak Gede,Coblong,tourism_shopping_place
F.A.U.S.T.,JL. DIPATIUKUR NO. 49B,2021,-6.891049104359702,107.61698652084404,Lebak Gede,Coblong,tourism_shopping_place
YOUTHLAND,JL. DIPATIUKUR NO. 68,2021,-6.890417346776556,107.61689155358928,Lebak Gede,Coblong,tourism_shopping_place
DUSKYSTORE,JL. DIAPTIUKUR NO. 72,2021,-6.889496002081354,107.61632233959162,Lebak Gede,Coblong,tourism_shopping_place
